keywords,answer_en,answer_hi,answer_ta,answer_te,answer_ml
"general greeting,agriculture help","👋 Hello! I’m your AgriBot — ask me about crops, soil, pests, irrigation or fertilizers.","👋 नमस्ते! मैं आपका एग्रीबॉट हूँ — फसल, मिट्टी, कीट या सिंचाई के बारे में पूछें।","👋 வணக்கம்! நான் உங்கள் அக்கிரிபாட் — பயிர்கள், மண், பூச்சிகள் அல்லது பாசனம் பற்றி கேளுங்கள்.","👋 హాయ్! నేను మీ అగ్రిబాట్ — పంటలు, నేల, పురుగులు, నీరుపారుదల లేదా ఎరువుల గురించి అడగండి.","👋 നമസ്കാരം! ഞാന്‍ നിങ്ങളുടെ അഗ്രിബോട്ട് — വിള, മണ്ണ്, കീടങ്ങള്‍, നിരീക്കരണം അല്ലെങ്കില്‍ വളങ്ങള്‍ സംബന്ധിച്ച് ചോദിക്കാം."
"mango,fruit care","🥭 Mango trees need regular watering during flowering and spraying copper fungicide to prevent anthracnose.","🥭 आम के पेड़ों को फूल आने पर नियमित सिंचाई और एन्थ्राक्नोज़ से बचाव के लिए कॉपर फफूंदनाशक की ज़रूरत होती है।","🥭 மாம்பழ மரத்திற்கு மலர்ச்சி காலத்தில் நீர்ப்பாய்ச்சி மற்றும் ஆன்த்ராக்னோஸ் நோயைத் தவிர்க்க காப்பர் பூஞ்சைநாசினி தேவை.","🥭 మామిడి చెట్లకు పుష్పించే కాలంలో క్రమం తప్పని నీరుపారుదల మరియు ఆంత్రాక్నోస్ నివారించడానికి కాపర్ ఫంగిసైడ్ స్ప్రే అవసరం.","🥭 മാമ്പഴ മരങ്ങൾക്ക് പൂക്കാലത്ത് നിയന്ത്രിത ജലസേചനവും ആന്ത്രാക്ക്‌നോസ് ഒഴിവാക്കാൻ താമ്ര ഫംഗിസൈഡ് തളിക്കലും ആവശ്യമാണ്."
"banana,fruit care","🍌 Banana plants need potassium-rich fertilizer and avoid waterlogging to prevent root rot.","🍌 केले के पौधों को पोटाश युक्त खाद की आवश्यकता होती है और जलभराव से बचाना चाहिए।","🍌 வாழை மரத்திற்கு பொட்டாசியம் நிறைந்த உரம் தேவை மற்றும் நீர் தேங்கல் தவிர்க்கவும்.","🍌 అరటి మొక్కలకు పొటాషియం అధికంగా ఉన్న ఎరువు అవసరం మరియు నీరు నిల్వ ఉండకుండా చూడాలి.","🍌 വാഴമരങ്ങൾക്ക് പൊട്ടാഷ് സമ്പന്നമായ വളം ആവശ്യമാണ്, കൂടാതെ വെള്ളം നില്‍ക്കുന്നത് ഒഴിവാക്കണം."
"tomato,vegetable care","🍅 Tomato plants need full sunlight and spraying neem oil to prevent pests and blight.","🍅 टमाटर के पौधों को पूरी धूप और नीम तेल का छिड़काव चाहिए ताकि कीट और झुलसा से बचाव हो।","🍅 தக்காளி செடிக்கு முழு வெயில் தேவை மற்றும் வேப்பெண்ணெய் தெளிப்பு பூச்சி மற்றும் வாடை நோயைத் தவிர்க்கும்.","🍅 టమాటా మొక్కలకు పూర్తిగా ఎండ అవసరం మరియు కీటకాలు, బ్లైట్ నివారించడానికి నేమ్ ఆయిల్ స్ప్రే చేయాలి.","🍅 തക്കാളി ചെടികൾക്ക് പൂർണ്ണ സൂര്യപ്രകാശവും കീടങ്ങളും ബ്ലൈറ്റ് രോഗവും ഒഴിവാക്കാൻ വേപ്പെണ്ണ തളിക്കലും ആവശ്യമാണ്."
"brinjal,vegetable care","🍆 Brinjal plants suffer from shoot borer; use pheromone traps and neem spray.","🍆 बैंगन के पौधों में शूट बोरर लगता है; फेरोमोन ट्रैप और नीम स्प्रे करें।","🍆 கத்தரிக்காய் செடிகள் தண்டு துளைப்பூச்சியால் பாதிக்கப்படும்; பெரோமோன் வலை மற்றும் வேப்பெண்ணெய் தெளிக்கவும்.","🍆 వంకాయ మొక్కలకు షూట్ బోరర్ దాడి చేస్తుంది; ఫెరోమోన్ ట్రాప్స్ మరియు నేమ్ స్ప్రే ఉపయోగించండి.","🍆 വഴുതന ചെടികളെ ഷൂട്ട് ബോറർ ആക്രമിക്കും; ഫെറോമോൺ കുടകളും വേപ്പെണ്ണ തളിക്കലും ഉപയോഗിക്കുക."
"coconut,tree pest control","🥥 Coconut red palm weevil can be controlled using pheromone traps and cleaning leaf bases.","🥥 नारियल के लाल ताड़ भृंग को फेरोमोन ट्रैप और पत्तों के आधार की सफाई से नियंत्रित किया जा सकता है।","🥥 தென்னை மர சிவப்பு வண்டு பெரோமோன் வலை மற்றும் இலை அடிப்பகுதி சுத்தம் மூலம் கட்டுப்படுத்தலாம்.","🥥 కొబ్బరి ఎర్ర పామ్ వీవిల్‌ను ఫెరోమోన్ ట్రాప్స్ మరియు ఆకుల అడుగుభాగం శుభ్రం చేయడం ద్వారా నియంత్రించవచ్చు.","🥥 തേങ്ങാ റെഡ് പാല്മ് വീയിൽ ഫെറോമോൺ കുടകളും ഇലയുടെ അടിഭാഗം ശുചീകരണവും വഴി നിയന്ത്രിക്കാം."
"mango pest,fruit fly","🐛 Mango fruit fly attacks ripening fruits; collect and destroy fallen fruits and use methyl eugenol traps.","🐛 आम की मक्खी पके फलों पर हमला करती है; गिरे फलों को नष्ट करें और मिथाइल यूजेनॉल ट्रैप लगाएँ।","🐛 மாம்பழ ஈ பழுப்பும் பழங்களைத் தாக்கும்; விழுந்த பழங்களை அகற்றி மெத்தில் யூஜெனால் வலை அமைக்கவும்.","🐛 మామిడి ఫలం ఈగ పండ్లను దాడి చేస్తుంది; పడిపోయిన పండ్లు తొలగించి మెథిల్ యూజెనాల్ ట్రాప్స్ వాడండి.","🐛 മാമ്പഴ ഈ പാകം വരുന്ന പഴങ്ങളെ ആക്രമിക്കും; വീണ പഴങ്ങൾ നീക്കുകയും മെത്തിൽ യൂജനോൾ കുടകൾ ഉപയോഗിക്കുകയും ചെയ്യുക."
"banana pest,aphids","🪲 Aphids attack banana leaves; spray neem oil or imidacloprid as needed.","🪲 केले की पत्तियों पर एफिड्स हमला करते हैं; नीम तेल या इमिडाक्लोप्रिड छिड़कें।","🪲 வாழை இலைகளில் அஃபிட்ஸ் தாக்கம் ஏற்படும்; வேப்பெண்ணெய் அல்லது இமிடாக்ளோப்ரிட் தெளிக்கவும்.","🪲 అరటి ఆకులపై ఆఫిడ్స్ దాడి చేస్తాయి; నేమ్ ఆయిల్ లేదా ఇమిడాక్లోప్రిడ్ స్ప్రే చేయండి.","🪲 വാഴ ഇലകളിൽ ആഫിഡ്സ് ആക്രമിക്കും; വേപ്പെണ്ണ അല്ലെങ്കിൽ ഇമിഡാക്ലോപ്രിഡ് തളിക്കണം."
"tomato pest,fruit borer","🍅 Tomato fruit borer damages fruits; use neem-based pesticide or Spinosad spray.","🍅 टमाटर फल बोरर फलों को नुकसान पहुँचाता है; नीम आधारित कीटनाशक या स्पिनोसैड स्प्रे करें।","🍅 தக்காளி பழ துளைப்பூச்சி பழங்களை சேதப்படுத்தும்; வேப்பெண்ணெய் அடிப்படையிலான பூச்சிக்கொல்லி அல்லது ஸ்பினோசாட் தெளிக்கவும்.","🍅 టమాటా ఫ్రూట్ బోరర్ పండ్లను నాశనం చేస్తుంది; నేమ్ ఆధారిత పురుగుమందు లేదా స్పినోసాడ్ స్ప్రే చేయండి.","🍅 തക്കാളി പഴ തുളച്ചുപൊക്കുന്ന കീടം പഴം നശിപ്പിക്കും; വേപ്പെണ്ണ അടിസ്ഥാനത്തിലെ കീടനാശിനി അല്ലെങ്കിൽ സ്പിനോസാഡ് ഉപയോഗിക്കുക."
"citrus pest,leaf miner","🍊 Leaf miner tunnels citrus leaves; prune affected leaves and spray neem oil weekly.","🍊 पत्तियाँ माइनर खट्टे पेड़ों की पत्तियों में छेद बनाता है; संक्रमित पत्तियाँ हटाएँ और नीम तेल छिड़कें।","🍊 இலை துளைப்பூச்சி சிட்ரஸ் இலைகளை துளைக்கும்; பாதிக்கப்பட்ட இலைகளை வெட்டி வாரம் ஒருமுறை வேப்பெண்ணெய் தெளிக்கவும்.","🍊 సిట్రస్ ఆకులలో లీఫ్ మైనర్ గుంతలు వేస్తుంది; దెబ్బతిన్న ఆకులు తీసివేసి వారానికి ఒకసారి నేమ్ ఆయిల్ స్ప్రే చేయండి.","🍊 സിട്രസ് ഇലകളിൽ ലീഫ് മൈനർ തുരന്നുവരും; ബാധിത ഇലകൾ വെട്ടി മാറ്റുകയും ആഴ്ചയിൽ ഒരിക്കൽ വേപ്പെണ്ണ തളിക്കയും ചെയ്യുക."
"paddy pest,brown planthopper","🌾 Brown planthopper sucks sap from rice plants; maintain water level and use resistant varieties.","🌾 भूरे प्लांटहॉपर धान का रस चूसते हैं; जलस्तर बनाए रखें और रोग-प्रतिरोधी किस्में लगाएँ।","🌾 பழுப்பு தாவர பூச்சி நெல் சாற்றை உறிஞ்சும்; நீர் நிலையை பராமரித்து எதிர்ப்பு வகைகள் பயிரிடவும்.","🌾 బ్రౌన్ ప్లాంట్‌హాపర్ వరి మొక్కల రసాన్ని శోషిస్తుంది; నీటి స్థాయి నిలబెట్టండి మరియు నిరోధక రకాలు వాడండి.","🌾 ബ്രൗൺ പ്ലാന്തോപ്പർ അരി ചെടികളുടെ രസം കുടിക്കും; ജലനില നിലനിർത്തി പ്രതിരോധ വർഗങ്ങൾ ഉപയോഗിക്കുക."
"tomato disease,early blight","🍅 Tomato blight causes leaf yellowing and black spots; spray mancozeb every 15 days.","🍅 टमाटर झुलसा में पत्तियाँ पीली होकर काली पड़ती हैं; हर 15 दिन में मैनकोजेब छिड़कें।","🍅 தக்காளி வாடை நோயால் இலைகள் மஞ்சள் நிறமாகி கருப்பு புள்ளிகள் தோன்றும்; 15 நாட்களுக்கு ஒருமுறை மேன்கோசேப் தெளிக்கவும்.","🍅 టమాటా బ్లైట్ వల్ల ఆకులు పసుపుగా మారి నల్ల మచ్చలు వస్తాయి; 15 రోజులకు ఒకసారి మాంకోజెబ్ స్ప్రే చేయండి.","🍅 തക്കാളിയിൽ ബ്ലൈറ്റ് വന്നാൽ ഇലകൾ മഞ്ഞയായി കറുത്ത പാടുകൾ കാണാം; 15 ദിവസത്തിലൊരിക്കൽ മാന്കോസെബ് തളിക്കുക."
"rice disease,leaf blight","🌾 Rice bacterial blight can be controlled by using resistant varieties and seed treatment with streptocycline.","🌾 धान की झुलसा से बचने के लिए रोग प्रतिरोधी किस्में और बीज उपचार करें।","🌾 நெல் இலை வாடை நோயைத் தவிர்க்க நோய் எதிர்ப்பு வகைகள் மற்றும் விதை சிகிச்சை செய்யவும்.","🌾 బియ్యం బ్యాక్టీరియల్ బ్లైట్‌ను నిరోధక రకాలు మరియు స్ట్రెప్టోసైక్లిన్‌తో విత్తన శుద్ధి ద్వారా నియంత్రించవచ్చు.","🌾 അരി ബാക്ടീരിയ ബ്ലൈറ്റ് ഒഴിവാക്കാൻ പ്രതിരോധ വർഗങ്ങളും സ്ട്രെപ്റ്റോസൈക്ലിൻ വിത്തുചികിത്സയും ചെയ്യുക."
"brinjal disease,wilt","🍆 Brinjal wilt is soil-borne; remove infected plants and drench soil with copper fungicide.","🍆 बैंगन में विल्ट रोग मिट्टी से फैलता है; संक्रमित पौधे हटाएँ और कॉपर फफूंदनाशक डालें।","🍆 கத்தரிக்காய் வாடை நோய் மண்ணில் இருந்து பரவும்; பாதிக்கப்பட்ட செடிகளை அகற்றி காப்பர் பூஞ்சைநாசினி ஊற்றவும்.","🍆 వంకాయ విల్ట్ నేల ద్వారా వ్యాపిస్తుంది; బాధిత మొక్కలు తీసివేసి కాపర్ ఫంగిసైడ్‌తో నేల తడపాలి.","🍆 വഴുതന വില്റ്റ് മണ്ണിൽ നിന്നാണ് പകരുന്നത്; രോഗബാധിത ചെടികൾ നീക്കി താമ്ര ഫംഗിസൈഡ് ഒഴിക്കണം."
"banana disease,leaf spot","🍌 Banana leaf spot is common; apply carbendazim around roots and improve drainage.","🍌 केले की पत्ती पर धब्बे पड़ना आम है; कार्बेन्डाजिम जड़ों के पास डालें और जल निकासी सुधारें।","🍌 வாழை இலை புள்ளி நோய் பொதுவாக உள்ளது; வேர் அருகில் கார்பென்டாஸிம் ஊற்றி நீர் வடிகால் மேம்படுத்தவும்.","🍌 అరటి ఆకులపై లీఫ్ స్పాట్ సాధారణం; వేర్ల చుట్టూ కార్బెండాజిమ్ వేయాలి మరియు డ్రైనేజ్ మెరుగు పరచాలి.","🍌 വാഴ ഇല പാടു രോഗം സാധാരണമാണ്; വേരിനു ചുറ്റും കാർബൻഡാസിം നൽകി വെള്ളം ഒഴുകുന്ന രീതിയിലാക്കണം."
"mango disease,anthracnose","🥭 Mango anthracnose damages flowers and fruits; spray copper oxychloride before flowering.","🥭 आम में एन्थ्राक्नोज़ फूल और फलों को नुकसान पहुँचाता है; फूल आने से पहले कॉपर ऑक्सी क्लोराइड छिड़कें।","🥭 மாம்பழ ஆன்த்ராக்னோஸ் மலர் மற்றும் பழங்களை பாதிக்கும்; மலர்வதற்கு முன் காப்பர் ஆக்ஸிகுளோரைடு தெளிக்கவும்.","🥭 మామిడి ఆంత్రాక్నోస్ పువ్వులు, పండ్లను దెబ్బతీస్తుంది; పుష్పించేముందు కాపర్ ఆక్సీక్లోరైడ్ స్ప్రే చేయండి.","🥭 മാമ്പഴ ആന്ത്രാക്ക്‌നോസ് പൂക്കും പഴങ്ങളും നശിപ്പിക്കും; പൂക്കുന്നതിന് മുമ്പ് താമ്ര ഓക്സിക്ലോറൈഡ് തളിക്കുക."
"chilli disease,leaf curl","🌶️ Chilli leaf curl causes twisted leaves; remove infected plants and spray imidacloprid.","🌶️ मिर्च पत्ती मुड़ने से पत्तियाँ सिकुड़ जाती हैं; संक्रमित पौधे हटाएँ और इमिडाक्लोप्रिड छिड़कें।","🌶️ மிளகாய் இலை சுருட்டல் நோயால் இலைகள் சுருங்கும்; பாதிக்கப்பட்ட செடிகளை அகற்றி இமிடாக்ளோப்ரிட் தெளிக்கவும்.","🌶️ మిరప ఆకుల కర్ల్ వల్ల ఆకులు ముడుచుకుంటాయి; దెబ్బతిన్న మొక్కలు తొలగించి ఇమిడాక్లోప్రిడ్ స్ప్రే చేయండి.","🌶️ മുളക് ഇല സുറുക്കൽ രോഗത്തിൽ ഇലകൾ വളയുകയും ചുരുങ്ങുകയും ചെയ്യും; രോഗബാധിത ചെടികൾ നീക്കി ഇമിഡാക്ലോപ്രിഡ് തളിക്കുക."
"coconut disease,bud rot","🥥 Coconut bud rot is severe; cut affected part and apply Bordeaux paste (1%).","🥥 नारियल में बड रॉट गंभीर होता है; संक्रमित भाग काटें और 1% बोर्डो पेस्ट लगाएँ।","🥥 தென்னை மொட்டு அழுகல் கடுமையாகும்; பாதிக்கப்பட்ட பகுதியை அகற்றி 1% போர்டோ விழுது பூசவும்.","🥥 కొబ్బరి బడ్ రాట్ తీవ్రమైనది; బాధిత భాగం తొలగించి 1% బోర్డో పేస్ట్ అప్లై చేయండి.","🥥 തേങ്ങാ മുളക്‌ റോട്ടു ഗുരുതരമാണ്; ബാധിത ഭാഗം നീക്കി 1% ബോർഡോ പേസ്റ്റ് പുരട്ടുക."
"papaya disease,powdery mildew","🍃 Papaya gets powdery mildew; spray 0.2% sulphur or neem oil regularly.","🍃 पपीते में पाउडरी मिल्ड्यू लगती है; 0.2% सल्फर या नीम तेल नियमित छिड़कें।","🍃 பப்பாளி பவுடரி மில்டியூ நோயால் பாதிக்கப்படும்; 0.2% கந்தகம் அல்லது வேப்பெண்ணெய் தெளிக்கவும்.","🍃 బొప్పాయి పొడిమచ్చ వ్యాధి వస్తుంది; 0.2% సల్ఫర్ లేదా నేమ్ ఆయిల్ క్రమం తప్పని స్ప్రే చేయండి.","🍃 പപ്പായയിൽ പൗഡറി മിൽഡ്യൂ ബാധിക്കും; 0.2% സൾഫർ അല്ലെങ്കിൽ വേപ്പെണ്ണ പതിവായി തളിക്കണം."
"organic pest control,neem,trichoderma","🌿 Use neem oil, cow urine, or trichoderma for organic pest and disease control — safe and eco-friendly!","🌿 नीम तेल, गौमूत्र या ट्राइकोडर्मा का उपयोग करें — यह जैविक और सुरक्षित तरीका है।","🌿 வேப்பெண்ணெய், கோமூத்திரம் அல்லது ட்ரைக்கோடெர்மா பயன்படுத்தி இயற்கை நோய் மற்றும் பூச்சி கட்டுப்பாடு செய்யலாம்.","🌿 సేంద్రియ కీటక నియంత్రణ కోసం నేమ్ ఆయిల్, పశువుల మూత్రం లేదా ట్రైకోడెర్మా ఉపయోగించండి — ఇది సురక్షితం మరియు పర్యావరణ హితమైనది.","🌿 ജൈവ കീടനിയന്ത്രണത്തിന് വേപ്പെണ്ണ, പശുവിൻ മൂത്രം അല്ലെങ്കിൽ ട്രൈക്കോഡർമ ഉപയോഗിക്കുക — സുരക്ഷിതവും പരിസ്ഥിതി സൗഹൃദവുമാണ്."
"tree care,watering,fertilizer","🌴 Trees need deep watering once a week and organic compost around roots.","🌴 पेड़ों को सप्ताह में एक बार गहराई से सिंचाई और जड़ों के पास जैविक खाद चाहिए।","🌴 மரங்களுக்கு வாரத்திற்கு ஒருமுறை ஆழமான நீர்ப்பாய்ச்சி மற்றும் வேர் அருகில் இயற்கை உரம் தேவை.","🌴 చెట్లకు వారానికి ఒకసారి లోతైన నీరుపారుదల మరియు వేర్ల చుట్టూ సేంద్రీయ ఎరువు అవసరం.","🌴 മരങ്ങൾക്ക് ആഴത്തിലുള്ള ജലസേചനം ആഴ്ചയിൽ ഒരിക്കൽ വേണ്ടതും വേരിന് സമീപം ജൈവ വളം ചേർക്കേണ്ടതുമാണ്."
"soil health,compost","🌱 Improve soil by adding vermicompost and rotating crops every season.","🌱 मिट्टी सुधारने के लिए वर्मी कम्पोस्ट मिलाएँ और हर सीजन फसल बदलें।","🌱 மண்ணை மேம்படுத்த புழு உரம் சேர்த்து ஒவ்வொரு பருவத்திலும் பயிர் மாற்றம் செய்யவும்.","🌱 నేలను మెరుగుపరచడానికి వెర్మికంపోస్టు వేసి ప్రతి సీజన్‌లో పంటల మార్పు చేయండి.","🌱 മണ്ണ് മെച്ചപ്പെടുത്താൻ വെർമി കംപോസ്റ്റ് ചേർക്കുകയും ഓരോ സീസണിലും വിള പരിവർത്തനം നടത്തുകയും ചെയ്യുക."
"irrigation,drip system","💧 Drip irrigation saves water and increases yield for vegetables and fruits.","💧 ड्रिप सिंचाई से पानी बचता है और फलों व सब्जियों की पैदावार बढ़ती है।","💧 சொட்டு பாசனம் நீரை சேமித்து காய்கறி மற்றும் பழ விளைச்சலை அதிகரிக்கும்.","💧 డ్రిప్ ఇరిగేషన్ నీటిని ఆదా చేస్తుంది మరియు కూరగాయలు, పండ్ల దిగుబడిని పెంచుతుంది.","💧 ഡ്രിപ്പ് ഇരിഗേഷൻ വെള്ളം ലാഭിക്കുകയും പച്ചക്കറികളും പഴങ്ങളും കൂടുതൽ വിളവ് നൽകാനും സഹായിക്കുന്നു."
"climate change,farming","🌤️ Use drought-tolerant varieties and mulch soil to conserve moisture.","🌤️ सूखा-रोधी किस्में लगाएँ और मिट्टी पर मल्चिंग करें ताकि नमी बनी रहे।","🌤️ வறட்சியைத் தாங்கும் வகைகள் பயிரிட்டு மண்ணை மூல்சிங் செய்து ஈரத்தைப் பாதுகாக்கவும்.","🌤️ ఎండను తట్టుకునే రకాలను వాడండి మరియు నేలపై మల్చింగ్ చేయండి.","🌤️ വരൾച്ച പ്രതിരോധ വർഗങ്ങൾ ഉപയോഗിച്ച് മണ്ണിൽ മൾച്ചിംഗ് ചെയ്ത് ഈർപ്പം നിലനിർത്തുക."
"farm safety,equipment use","🧤 Always wear gloves and mask while spraying chemicals on crops.","🧤 फसलों पर रसायन छिड़कते समय हमेशा दस्ताने और मास्क पहनें।","🧤 பயிர்களில் இரசாயனங்கள் தெளிக்கும்போது கையுறைகள் மற்றும் முகக்கவசம் அணியவும்.","🧤 పంటలపై రసాయనాలు స్ప్రే చేస్తున్నప్పుడు ఎల్లప్పూడూ గ్లౌవ్స్ మరియు మాస్క్ ధరించండి.","🧤 വിളകളിൽ രാസവസ്തുക്കൾ തളിക്കുമ്പോൾ കൈയ്യുറകളും മാസ്‌ക്കും ധരിക്കണം."
